{
  "total_trades": 15033,
  "win_rate_pct": 48.17,
  "profit_factor": 2.028,
  "max_dd_pct": 11.6681,
  "recovery_factor": 31607951516720.277,
  "total_return_pct": 3.688036740104123e+16,
  "final_equity": 3.688036740104133e+17,
  "avg_trade_pct": 2453293913459.8037,
  "trades_per_day": 7.48,
  "gross_profit": 7.275777264986991e+17,
  "gross_loss": 3.587740524882862e+17,
  "long_pnl": 2.118137383142929e+17,
  "short_pnl": 1.569899356961192e+17,
  "reverse_trades": 2585,
  "reverse_pct": 17.2,
  "add_trades": 4839,
  "add_pct": 32.19,
  "best_trade": 2.4210454599817756e+16,
  "worst_trade": -4352655720642277.5,
  "max_consecutive_losses": 0,
  "risk_per_trade_pct": "dynamic_fibonacci_compounding_0.02_1",
  "mode": "dynamic_risk_compounding",
  "avg_monthly_return_pct": 52.8669,
  "best_monthly_return_pct": 191.4349,
  "worst_monthly_return_pct": -3.4353,
  "profitable_months": 61,
  "unprofitable_months": 5,
  "months": 66
}