{
  "dashboard": "trendfrend-risk3-live-20260711",
  "generated_at": "2026-07-11T07:44:14.490431+00:00",
  "source": "/home/ubuntu/.hermes/audits/realistic_history_audit_20260711/live_config_atr0_exchange_only/executed_trades.csv",
  "mode": "Current live algorithm: SOL70/NEAR30 3m+1h ATR0 risk3 margin-capped",
  "start_equity": 1005.0,
  "final_equity": 1.018453092820268e+41,
  "return_pct": 1.013386162010217e+40,
  "profit_factor": 1.7836840780073877,
  "win_rate": 46.8092406221409,
  "total_trades": 34976,
  "wins": 16372,
  "losses": 18604,
  "total_months": 66,
  "positive_months": 65,
  "negative_months": 1,
  "avg_monthly_return": 370.11814300040857,
  "median_monthly_return": 265.2103290179571,
  "max_drawdown_pct": 25.90967357799434,
  "worst_month_dd_pct": 23.792870247630237,
  "risk_per_trade_pct": 3.0,
  "risk_reserve_mult": 2.5,
  "leverage": 3.0,
  "margin_usage_buffer": 0.9,
  "min_effective_risk_pct": 0.02,
  "skipped_min_effective_or_notional": 0
}