year,trades,return_pct,win_rate
2021,5380,30545369364.27,0.22
2022,2541,1718700136987559.5,0.47
2023,2000,1.3717697971222053e+19,0.5
2024,2635,2.491504587235695e+24,0.46
2025,1572,2.6936943164465034e+28,0.76
2026,905,2.2164668950460883e+30,0.66
